text,label,notes
"As a European I agree, at least for Western Europe. It's not just the resistance but the price. There is tremendous price gouging in the AC industry. The real cost of a mini split system is the low hundreds of dollars but good luck finding one for that price in Europe.",opinion_speculation,
I'm very curious to see a benchmark for this - have toyed with the idea myself but haven't put in the hard work to test these hypothesis on extracting learning signal from deep-agent traces.,analysis_evidence,
"I’m confident you could devise a way to ensure the verifying party doesn’t know which website requested the verification, and vice versa. I’ll have to think about it a bit more.",opinion_speculation,
> But are you really going to tell me that you me that tho evidence that temperatures are getting warmer is bunk? It's not bunk but there are a lot of grifters lying by omission and lying with statistics. Of course temperatures will be hotter when the measuring station is in the middle of a parking lot in a heat island. And while the Global average temperature might increase that doesn't imply that the outer bands of it necessarily move dramatically. I live right outside the hottest place on the planet earth Earth and in nearby Death Valley they recorded 134F (57C) in 1913.,analysis_evidence,ambiguous: practical_experience vs analysis_evidence; overrode_to_analysis_evidence_from_practical_experience
"Ghost in the Wires is one of all time favorite reads, and I still hope to see it as a dramatized film. It would be a fun “period piece” taking the audience through the 80’s and early 90’s, with some hilarious social engineering scenes (kinda like Catch Me If You Can) and tense moments where the audience roots for Kevin. I really think a film adaptation would help introduce his story to a new generation and be a nice tribute to his legacy.",analysis_evidence,ambiguous: analysis_evidence vs opinion_speculation
"It is long since time we made email secure. Or replaced it with something else that would allow us to send messages to people securely (in a decentralized way). Having to log in to a half-maintained, slow web portal with terrible UI that is down 25% of the time is a really terrible way to get your sensitive and often important documents.",opinion_speculation,
[delayed],low_substance_reaction,
"and regulatory hurdles in many locations, you can't really install AC in many buildings because there's nowhere to put the external unit",opinion_speculation,
"I hated these low-effort reports, so I created a simple automation that checks my security inbox, mentions me in #security on Slack for things that look legitimate so I see them quickly, and marks things that seem entirely automated as spam. I still check the spam folder for legitimate emails, but so far there haven't been any false positives.",analysis_evidence,
There is a reason Mythos only found one but in curl and it wasn't very bad.,opinion_speculation,
"The problem always existed, but nobody amassed a sufficiently large army of trolls to exploit it until now. So it wasn't a priority to solve it before, but now it is. We're going to have to learn to differentiate reports that matter from those that don't. Classifying reports might actually be something you could productively use an LLM for..",analysis_evidence,ambiguous: analysis_evidence vs opinion_speculation
Yep. I remember years ago seeing the website for some guy who proudly listed all the CVEs he'd discovered. Clearly he'd written some scanning tool to look at regexes in open source projects and was creating CVEs for anything that might result in exponential time execution or whatever.,practical_experience,
"That's just not looking back far enough. The war on terror was a continuation. I'd say we're seeing the results of not stringing up all the slave owners after the Civil War. American industrialists going back to the robber baron era and beyond have always loved autocracy, specifically fascism. This was heightened by the fear of communism. When FDR was elected, there was an attempted coup (ie the business plot [1]). Hitler was a fan of Henry Ford and named him in Mein Kampf. The Nazi regime enjoyed a certain amount of popularity in the US. There was a rally by the German American Bund in Madison Square Gardens in 1939. But FDR gave concessions to the working class that we still enjoy today (eg Social Security). After WW2, we decided to make an enemy of Stalin (again, because communism). Thousands of former Nazis emigrated to the US (and, no, not just Operation Paper Clip; they were also in the CIA and FBI). Former Nazis gained high positions in the West German military and ultimatly NATO (eg Adolf Heuzinger [2]). The mere existence of the Soviet Union forced the US government to give more concessions to the working class. The 1950s were incredibly prosperous as a result, in an era when the top marginal tax rate was 91% and the ratio of CEO to median wage was a fraction of what it is now. The Fall of the Soviet Union was about the worst thing that could happen for normal Americans because suddenly there was no counterbalance to US global hegemony. The 1990s saw the Democrats abandon the New Deal in favor of Reagan economics and policies despite ~60 years of almost unbroken control of Congress up until that point. They then sowed the seeds for the destruction of American manufacturing and having an economy completely focused on hoarding land and housing. The 1990s is really where that began to go out of control. My point is that history didn't begin with the war on terror. 9/11 itself was blowback from American imperialism that had been around since the 19th century. I'd say if anything primed America for autocracy it was the domino effect from desegregation. This led to the political activation of the evangelical movement (no, it wasn't abortion) and evagelicals are primed to be followers. Add to this that there's no effective opposition because the Democrats decided to be Republican Lite and here we are. All of this came about because a handful of very wealthy people wanted to be even wealthier at the expense of everyone else. [1]: https://en.wikipedia.org/wiki/Business_Plot [2]: https://en.wikipedia.org/wiki/Adolf_Heusinger",analysis_evidence,ambiguous: analysis_evidence vs opinion_speculation
Is it a micro-kernel based? Because writing kernel drivers is not the most convenient approach.,analysis_evidence,
"Unless mandated, why would the people controlling a corporation (and its budget) do that? While the corp has money in the bank, it's kinda their money, in the sense that they decide what to spend it on. If distributed back to the shareholders, the money evaporates from their perspective, so there's not much incentive to do it unless it's required, or unless they will benefit by it (e.g., they have a lot of stock themselves and would like the dividend).",analysis_evidence,ambiguous: analysis_evidence vs opinion_speculation
"They are not understanding that it's not one person's moral failing at the root of it, it's the system that forces everyone into participating in amoral things, including for example the investors of Meta who are getting a bigger bag. That includes every one of you S&P500 index fund hodlers.",opinion_speculation,
"Unlike all of the things referenced in the Alanis Morrisette song, this is actually ironic",opinion_speculation,
"1. If google said ok but don't release under google’s name/in google’s repo, do that. 2. If google said no this goes against our goals for the product, don't release it if you want to keep working for google?",analysis_evidence,
Why would anyone pay money to have a chance of being arrested?,opinion_speculation,
Normally you don't have your savings connected to a debit card.,opinion_speculation,
"No, he is excluded. So is Alexandr.",low_substance_reaction,fallback
"I tolerate heat well, I feel very comfortable at 28C but I get cold easily. My sister is happy at 18C and starts overheating at 25C. Not everyone is the same.",opinion_speculation,
civilization will end if humans outsource thinking and judgment.,opinion_speculation,ambiguous: opinion_speculation vs low_substance_reaction
No cli though,low_substance_reaction,
">No spacecraft has ever landed in the outer solar system — except one: the Huygens probe, Editors are asleep at spacedaily.com or have been replaced by a shitty AI. Rosetta landed on 67P/Churyumov-Gerasimenko in the outer solar system in 2015. https://www.esa.int/Science_Exploration/Space_Science/Rosett...",opinion_speculation,
"Nitpick: Facebook bought WhatsApp, it didn't make it.",low_substance_reaction,fallback
Only time ever used a credit card was to rent a car in Italy cause they didn't accept debit cards.,opinion_speculation,
"I fear it'll just move the problem one layer up. Sure, you've now proven that the code matches the specification - but how do you ensure the specification is watertight?",analysis_evidence,ambiguous: analysis_evidence vs opinion_speculation
Would that be all that's required to make it okay?,opinion_speculation,ambiguous: opinion_speculation vs low_substance_reaction
"Whoa, you can't do this on HN, regardless of how you feel about health care policy or psychopathy. You've been here a long time, so you ought to be familiar with why comments like this destroy what HN is supposed to be for. If you wouldn't mind reviewing https://news.ycombinator.com/newsguidelines.html and re-taking the intended spirit of the site more to heart, we'd be grateful. Your recent comments have veered into flamebait and guidelines breakage, and it would be good to course-correct.",opinion_speculation,
"weavy seems kind of smart, for ai-gen video, if you're into that kind of (fucked-up) thing.",opinion_speculation,
I recently bought a window unit AC for $10 at a yard sale.,practical_experience,
"Well, yeah, it could be. Is that your proposal?",opinion_speculation,ambiguous: opinion_speculation vs low_substance_reaction
I tried to raise that with my internal security team recently - don't clutter my vulnerability dashboard with issues in dev dependencies. They somewhat rightly pointed out that malware needs to be dealt even if it's a dev dependency. So my suggestion went nowhere because I guess we can't filter by type of vulnerability.,practical_experience,ambiguous: practical_experience vs analysis_evidence
"Good news, he doesn't have to because money only travels along reverse trust chains. If you don't trust Elon but Alice trusts Elon and you trust Alice, then it's actually Alice who is paying you directly to shove your friend's hand in a blender. Maybe reconsider your friendship with her. Why wouldn't it lead to a bid war bringing exchange ratios arbitrarily close to 1? You may take a 70% cut of any transaction does with you, but Alice figures out if she charges a 50% cut, she gets to keep 50% and you keep nothing of that same transaction. Then Bob figures he can undercut Alice by charging only 30%...",analysis_evidence,ambiguous: analysis_evidence vs opinion_speculation
"The worst is when it automatically corrects, you delete the correction and type the exact same thing, then it automatically corrects to something else, repeat.",opinion_speculation,
"The economist was a strong supporter of the Iraq War, and reiterated that in a retrospective 2003 article citing its earlier articles: https://home.uncg.edu/~jwjones/world/readings/economist.html “The threat posed by Saddam The Economist certainly said it was. We did so most strongly and clearly in a survey (Present at the creation, June 29th 2002) on America's world role; and in leaders on August 3rd that year (The case for war), February 22nd 2003 (Why war would be justified) and March 15th 2003 (Saddam's last victory).”",opinion_speculation,
"Either way, I'd just caution that the empire-ness of a country's military or diplomatic reach doesn't necessarily tell us what to expect in terms of its internal hellhole-ness of authoritarianism.",opinion_speculation,
"I was referring to a 600W load as measured at the wall, such as if you plugged a desktop system with a single power supply, and ordinary IEC C13/C14 to NEMA 5-15 male power cord into a kill-a-watt to measure its instantaneous wattage. Of course the cumulative wattage of all the stuff in a x86-64 type desktop workstation is going to be more than the AC wall power draw, since even the best power supplies are somewhere around 83-86% efficient in reality. Could easily be 700W, 800W, or some other figure, depending on what CPUs and GPUs a person puts in it.",opinion_speculation,
"It's other people on this thread that had questions, more than me. I'm not really implying -- I'm stating that I don't think his management chain was ""afraid of being disrupted"", but that they were pissed that one of their own team members released a product with Google branding that was the same thing they were about to announce in 2 weeks. It was poor judgement. Not worth a firing, though, in my opinion.",practical_experience,
"Yes, they ran a leading editorial titled ""Why war would be justified"", arguing that confronting Saddam Hussein was ""the least bad of the limited range of available options"". However, they reversed position in 2007, calling the invasion a debacle.",opinion_speculation,
"The house being cooled by aircon is within the same world as everything else is. This doesn't mean that there's zero heat added locally (as many seem fond of suggesting): The compressors and circulation blowers and fans don't run for free, and every Joule of electricity they consume is ultimately converted to a Joule of heat in a process that wouldn't occur in the absence of aircon. That's not zero. But in very broad strokes, it's not very significant. It's somewhat akin to running a refrigerator inside of a kitchen. With aircon, the refrigerator is the size a whole house. That certainly sounds huge, and it is huge. But that refrigerated building is inside of a room that is the size of the Earth's atmosphere, which is very obviously vast in ways that kitchens simply are not. It doesn't really matter. Millions of homes with aircon don't mean much when the atmosphere is millions of times bigger than they are.",opinion_speculation,
"How old are you? I think a lot of younger folks don't fully adjust for two important factors: plane hijackings used to be much more common, and 9/11 was committed by the second group of Islamic terrorists who tried to blow up the World Trade Center. It's easy now to say that it was a crazy worst-case scenario, but that was not at all obvious then; for all we knew, securing cockpits might have been impractical, and we'd just have to prepare the Air Force to shoot down a couple hijacked flights every decade. There were real excesses, and I ultimately agree with you that many of them were predictable in advance, but there was no feasible version of a response that did not go at least a little into crazyland. It was a crazy time.",analysis_evidence,ambiguous: analysis_evidence vs opinion_speculation
"Have you considered requiring a small payment for vulnerability disclosure? Refund it on payout. This should be very effective at deterring spammers. It also sucks for real reports, but beats shutting down the program entirely.",analysis_evidence,ambiguous: analysis_evidence vs opinion_speculation
"I've seen other people pointing situations out over the years, perhaps it has something to do with other aspects of the delivery or message?",opinion_speculation,
> Perhaps this is a topic that isn't easy to discuss openly? Give it a few years. > J.D. Vance might represent a kind of domestic counter-force in the U.S. that leans more toward 'America First' rather than prioritizing Israel. Do you mean like he’s going to drain the swamp?,opinion_speculation,
"a short walk out the office door and not returning is best, I find",opinion_speculation,
"And if you're trying to sell the public on the numbers of what's concerning, those numbers should be able to communicate the changes they expect. ""This number is small but it means BAD THINGS"" isn't a very good message",opinion_speculation,
"""every single person with a retirement account, or student savings account, or mutual fund, will be forced - not asked, not suggested - required by law, to buy SpaceX stock."" Anyone know what she means here? Does she mean this happens to those who will buy index funds? If so, nobody's being forced to buy an index fund. It's a choice made by the retirement account company.",opinion_speculation,
"> they had to choose credit card And that doesn’t always work. For example, at a Chevron petrol station in California in the middle of nowhere we tried several European credit and debit cards, and nothing worked. At the end, the guy working there helped us with some prepaid option at the counter. He didn’t believe us until he tried himself that really none of our cards worked. But the situation is way better than 5+ years ago. Back then, almost every second purchase of ours had some problem with our cards in the US. Now, we had like one or two in more than a week. But of course, some car rental companies still pretend that they are generous that they allow debit cards. Not just in the US.",analysis_evidence,
"Yes, I meant that 192GB of RAM even with the worst quantization would result in such a large model going deep into disk swap when it entirely runs out of RAM. At least 100GB worth, if MacOS will even allow that without freezing or crashing or OOM killing the process.",opinion_speculation,
"Indeed. We really either need email to get decent, user-friendly encryption and verification, or replace email with a new, ubiquitous, decentralized, system that has first class support for encryption. I have a laundry list of other issues I'd like fixed in email, but I'd be happy just to get end to end encryption and sender verification.",opinion_speculation,
"That's just nonsense. First of all, social engineering was a small part of his work, and it's OK that you don't know that. But your totally blatant ignorance of what his career covered is exactly what I'm talking about. Look, I know that people form their opinions in a bubble. All I am saying here is you should expand your bubble. You know nothing about Kev. Again, that's OK, but it also means you should try to understand what you're hating. You'd try to make money on your image if you could, I'm betting. Especially if you had been put in prison and left there with no bail hearing, and put in solitary confinement for 'hoarding tuna' in your cell. For 9 months. While your father died. This was not a normal treatment of any person in custody. Kev was a good person. Full stop. Just as curious as all of us in that era.",low_substance_reaction,ambiguous: reaction+reason/opinion
"To be fair Claude is plenty capable of climbing out of its sandbox. If it has shell access, it will find a way. And honestly, it’s whitelist/blacklist permission model is broken and inappropriate for it to begin with.",opinion_speculation,
"""The doctor's office no longer exists"" is the fault of whoever bombed the office, and not a bug in your software. ""My phone shows me 3PM and they call me at 2PM to see where I am"" is a bug in your software, at least according to the understanding of most users. ""Oh you haven't taken the 2028 US second Civil War into account"" is not a valid explanation.",opinion_speculation,
"You don't enable it by taking money from a person that used to have a Tesla. The point was that you have to do what musk says, and musk told you you have to sell stuff to people who used to have Teslas (that's what giving money is).",opinion_speculation,
"As it turns out, they did watch porn: https://arstechnica.com/tech-policy/2025/10/meta-says-porn-d...",opinion_speculation,ambiguous: opinion_speculation vs low_substance_reaction
"""Climate Change"" is a term loaded with implication that humans are solely responsible",opinion_speculation,
"To make the chronology clear: • The Wikipedia page from before the reference to Chen's article was added: https://en.wikipedia.org/w/index.php?title=Chip%27s_Challeng... — it cites two sources for ""coded by Tony Krueger"" (""About box from the game"") and for ""written [by Krueger] in a single summer"" (a forum post). • Chen's article mentions ""Tony Krueger is remembered in Wikipedia as the person who ported…"", then adds a footnote: “Probably not as widely documented is that he accomplished this without the source code: He reverse-engineered the MS-DOS version and then reimplemented it for Windows.” • The Wikipedia article then cites Chen's article for this additional information. It's all fine and proper. I've just edited the citation to make this clear again.",opinion_speculation,
"I live a few hours outside Las Vegas and it's a lot more survivable than you would think given primitive technology and some knowledge. I have one of those portable evaporative coolers and they don't need much power (50-100W). I have one and measured ~110F input and 78F on the output side using nothing more than water and a fan, pretty remarkable. The trick is staying out of direct sunlight, and the body can cool itself well with the same mechanism. Sweating is extremely effective due to the low humidity.",practical_experience,
Downvotes for this. Incredible. California really is in America folks.,low_substance_reaction,
I'm curious about people's experiences with Kalshi support in this context.,opinion_speculation,
It's illegal to sell abortion pills. What now?,low_substance_reaction,fallback
That sounds like a lot of complexity for the average user.,opinion_speculation,
"Something needs to be done with the heat. The common euro talking point: aircon doesn’t solve the problem, let’s insulate instead (an order of magnitude more expensive). Apparently your entertain an even more absurd idea: let’s just do nothing, because everyone is too poor. That’s just wrong, plenty of home owners or real estate owners have the means to foot the bills, especially if regulation mandates or subsidises heat pumps. Besides that, just know you’re participating in a system of belief that needlessly kills thousands each year (and many more to come, if you believe as I hope that climate change is real). Just dwell on it a little. Thousands dead because of ideological comfort and resistance to change, which in and of itself is a weird form of climate skepticism. If you answer this, please address each of my points from both comments. You have adressed none so far.",analysis_evidence,ambiguous: analysis_evidence vs opinion_speculation
> bin Laden won are his people better off or are they worse off?,opinion_speculation,
"The Nasdaq exchange is important. The Nasdaq index, not so much.",opinion_speculation,
This is the splat https://superspl.at/scene/3ae6a716,low_substance_reaction,
At least Kevin wasn't a sanctimonious hateful bible thumping religious fanatic homophobic bigot like Chuck Norris.,opinion_speculation,
"Yes heat pumps move heat that already existed from the cold side to the hot side, but they also consume some energy to fight entropy, meaning they pump more heat to the hot side than they remove from the cold side. This is a net heat gain, equivalent to the energy consumed in running the AC. The value may be considered negligible compared to other sources, but it can still be on the order of 500w per room, which adds up quickly if everyone is doing it. Of course air conditioning is reasonably well suited to be a solar load during peak hours, but in most parts of the world if everyone just installed AC units like are common in many parts of the US it would mean a huge amount of extra fossil fuels burnt.",analysis_evidence,ambiguous: analysis_evidence vs opinion_speculation
"I don't think I've bought anything directly from clicking an ad either, but I think just seeing those ads has probably still influenced us subconsciously in some way.",opinion_speculation,
good god how did he get a car into prison?,low_substance_reaction,
"Just move your funds from mutual funds tracking NASDAQ (if you own any) to a different fund tracking S&P. Inconvenient but not the end of the world. You still have about two weeks to do so; I did this last week. Then in 6+ months when lockups expire and insiders have dumped, you can move money back if you'd like. Also, SpaceX only sold a tiny portion, and Elon is only a trillionaire based on unrealized value of unsold stock. If it crashes before he sells any, he might go back to being a ""normal"" centi-billionaire.",opinion_speculation,
"Having made graphics using TikZ, it was tedious and time consuming, but the results look great! Would have loved an easier way to make them.",opinion_speculation,
"Capitulation is a bad counterpropaganda tactic, especially with terms that have well defined domain specific meanings. Note that the OP uses ""systemic rejection"", while the paper does reference bias, it is in the precise meaning of the word.[0] And this is not targeted at the general public. You may want to look into the 1990 GOPAC handout ""Language: A Key Mechanism of Control"" to understand why some groups would simply just weaponize any term that was substituted. Academic papers need to error on being precise, to be effective, not focused on handling the general public with kids gloves IMHO. Edited to add, listen to Lee Atwater's 1981 Interview on the Southern Strategy for even more context. [0] https://arxiv.org/pdf/2605.27371",opinion_speculation,
That's not the only thing required to properly install an ac unit. Do you genuinely believe people die rather that drill a hole? Lile that's the blocker? What a weird take,low_substance_reaction,
"> First, they will be automatically added to the NASDAQ 100. And because of that, every single person with a retirement account, or student savings account, or mutual fund, will be forced - not asked, not suggested - required by law, to buy SpaceX stock. Nope, that's not how it works. Flagged.",low_substance_reaction,ambiguous: reaction+reason/opinion
"People don’t particularly care for platitudes from anonymous people on the internet. Even less so when they reduce a complex dilemma in your life to a binary choice between an “easy and amoral” option and a “difficult but righteous” one. Most people make compromises inside imperfect systems. The person casting judgment almost certainly has their own moral compromises too, except those they understand, contextualize, rationalize, and forgive themselves for. It’s just tiresome. There may not be a ton of context, but even knowing that someone is bound to a particular place because of caregiving responsibilities should be enough to invite a little more empathy and grace, and a lot less judgment.",analysis_evidence,ambiguous: analysis_evidence vs opinion_speculation
Rome took some unexpected Ls against the barbarians too. Didn’t change the trajectory of the empire.,opinion_speculation,
"Ha, developers know perfectly well how to choose models - they know that the company is footing the bill and Opus will give them the best result and/or require the least clean-up work. (We've received similar guidance. Even better is that our provider, GitHub Copilot, does not provide usage information to individual users if there is no per-user budget configured. So we just fire our requests into the black box and at the end of the month when IT gets the bill we maybe get a talking-to if it's excessive.)",opinion_speculation,
"tbf, node based editors have been ""the year of"" every year since blender. they all look like a murder board to me! comfyui especially has a terrible ui/ux IMO",opinion_speculation,
I assume you like it more than Gentoo? Building from stage1 with customized CFLAGS was all the rage then…,opinion_speculation,
"Yeah I agree, caveat emptor and all that. The blameful framing is bad work product though.",opinion_speculation,
"CA != USA. USA has plenty of saner places. In fact, one could argue that CA is a local minimum for sanity in USA",opinion_speculation,
Also great new for Cellebrite?,low_substance_reaction,
"I read the comment, thanks. I just disagree with your cost estimate. Even for a small business that needs high throughput they could probably do it for far less than $300k if they aren’t just blindly buying the first big nvidia setup they can.",opinion_speculation,
"Related: Could it be of any use in easily detecting counterfeit SSDs, which have been hacked to report a fraudulent size? Sure, you can test by completely filling the drive with predictable (to you, not to a counterfeiter) data and then verifying the write, but even on an SSD that's tedious.",analysis_evidence,ambiguous: analysis_evidence vs opinion_speculation
Giving some fundamentally-untrustworthy software full read access to all files and secrets on the disk is certainly a risk one could take.,opinion_speculation,
Kafka was way ahead of his time when he wrote Der Bau !,opinion_speculation,
"For the wind out ones with the chain at the bottom, you can open up the box and remove the limiter that stops it opening all the way. They make the same opener for ground level and highrises with just a limiter keeping it mostly closed when installed high up.",opinion_speculation,
"Isn't he famous for social engineering/physical security type things? If you hire an expert in X, you are probably going to get X.",opinion_speculation,
I think OP’s point is that it was bought not made similar to Instagram.,opinion_speculation,
"> I also don't think that the purpose of the move was to manage workers and see if they slack off, it was to gather training data, but even if it were, I think that's normal? This is the cost of losing consumer trust over two decades of untrustworthy acts.",analysis_evidence,ambiguous: analysis_evidence vs opinion_speculation
Bribes and subsidies is my guess,low_substance_reaction,fallback
9 years ago: https://news.ycombinator.com/item?id=13985192,low_substance_reaction,
"> Gboard swipe typing works flawlessly, FUTO still an Alpha project I agree. I find that swipe typing on Gboard feels much better than FUTO's because I think it adapts to my typing style. I tried FUTO about six months ago, and it was a bit frustrating so I switched back to Gboard. Hopefully, it has improved since then, but I haven't checked.",analysis_evidence,ambiguous: practical_experience vs analysis_evidence; overrode_to_analysis_evidence_from_practical_experience
"> A lot of people hate sexprs In all my time I have never come across a single Lisper, neither in person nor online, and I know far more than a few dozens, who once grokked the REPL-driven workflow and the structural editing idioms only to later, for whatever reason, suddenly start disliking or even hating s-expressions. All that so-called ""hatred"" stems from unfamiliarity. People fuss about Lisps lacking static types, without a single clue about how a ""true"" REPL trades them off for something different. They compare it to a Python or C# REPL and think ""it ain't a big deal"". Well, the Lisp REPL is quite different, and yes, a major deal - every single part of the Read-Eval-Print-Loop differs. They complain about ""hard to deal with parentheses"" and ""I can't refactor without types"" while having no clue how amazingly nice structural editing is in practice, that you never even think about parens - you only see structure, order and reason.",opinion_speculation,
What I meant is that British India didn't exactly spawn out of a handshake between Allah & Mahavishnu.,opinion_speculation,
"A community that thought it knew better than upstream, and didn't check their changes with them. It is my recollection that they both tried to run it by upstream, and believed that they had successfully done so. That may still be an error, but not the kind of fundamental flaw you imply.",opinion_speculation,
"> We are more or less retracing the path of Rome as the Republic expanded militarily until it was no longer practical to run it as a republic and it transitioned to empire. The current military ""excursion"" seems to be transitioning the US out of being an empire.",opinion_speculation,
"Yeah, kinda. I moved from Indiana to Norway - Trondheim, which is about in the middle of the length of Norway. During the summer, I can read outside at night even though the sun technically goes down for about 4 hours in June. It never gets darker than twilight. A few clouds means you might just have sunset all night. The sun does get surprisingly hot and very warming if we happen to have a sunny day. Jacket in the shade, short sleeves in the sun even though it is 18C/65F. The reason for this is that the sun is at a low angle, so it hits more of your body than it does when the sun is overhead - like you'd get in Australia. This also means that while you need some sunscreen during the day - from about 10 to 5 - it doesn't burn as much. It is less intense in that way - but it just feels different. During December, days are 4 hours of very weak light.",analysis_evidence,ambiguous: analysis_evidence vs opinion_speculation
"I'll be the contrarian here. I think the program was legal and morally fine. Take into account that these are corporate computers, and the tracking is of work that the company is paying for, so the telemetry, which is highly valuable for analysis and automation, is rightfully theirs. I also don't think that the purpose of the move was to manage workers and see if they slack off, it was to gather training data, but even if it were, I think that's normal? In any other job managers can, and are expected to, monitor employee productivity, they are paying for it, they need to ensure they are getting something worth. But again, I don't think that was the main goal here. The computers are not intended for personal usage, if the employee wants to watch netflix, or porn, they are free to do so in their personal computers. Imagine if this were a construction company, and there's a foreman watching the employees output, and the machine operators have their actions logged so that the machines can be automated in the future. Doesn't it sound reasonable? Is this very different at all? So yeah, maybe a lot of people see Meta and computer tracking and immediately jump to 1984, but I kind of like nuance more than knee jerk reactions, or jumping into a narrative that we enjoy being angry about.",analysis_evidence,ambiguous: analysis_evidence vs opinion_speculation
Oh frabjous day! I've waited YEARS for something like this. THANK YOU FUTO!,opinion_speculation,
"Finally! Usable! Between this and the excellent dictation, it's finally looking good enough that I can probably recommend it to anyone.",opinion_speculation,
"There's always some kind of monocausal influence claimed, but really that was like the Boer War in the early 1900s. America was certainly at top power in the last twenty years, but its alliance was already fracturing. The Western NATO members were pushing more of their productive capacity into social services and forming strong dependencies on Russian fossil fuels. China's ascendance also meant that the encirclement that US's presence in Europe + Taiwan + Japan (and those governments themselves) kept was going to need to be extra tight. But Europe couldn't keep herself together, Taiwan was constrained by circumstances to not defence-spend-up and Japan is just moribund despite attempts to rebuild. Realistically, the US kept everyone together for some 40 years after the Berlin Wall fell and that's a pretty good run. Two generations in ""Whitey's on the Moon"" is a resurgent and wide culture, and China outproduces any other nation while domestically and internationally repudiating that culture. Perhaps we were doomed to this path by the inexorable nature of success. Two generations have been born and enough time has passed that people have forgotten what it is like to fear the ""awesome Soviet threat"". The modern empire was a loose confederation of US-Europe and the East-Asian satrapies with a capital in DC perhaps but other capitals in London and Paris as well. And just like that Boer War showed the old British Empire could bleed so will Iran have done the same this time. Doubtless when the need arises we will sweep away environmental law and historical protection law in order to build our factories but already the appetite for war is gone from America. Why Europe couldn't keep herself together and why America couldn't retain the alliance and why the modern Not-Empire fell will probably be written about, but I think it's worth remembering Kipling at the Diamond Jubilee of Queen Victoria who was then queen over an indomitable empire: Far-called, our navies melt away; On dune and headland sinks the fire: Lo, all our pomp of yesterday Is one with Nineveh and Tyre! Judge of the Nations, spare us yet, Lest we forget—lest we forget! Or in the more elementary school warning manner: ""This too shall pass"". For my part, I certainly hope that ""government of the people, by the people, for the people, shall not perish from the earth"" and that means our mighty opponents should not prevail because that is not their way of life. And certainly I do not think that lashing out at our allies or attempting to take for ourselves land which is nonetheless in this larger Not Empire is the way to ensure that. At best, I hope that the Iran War teaches us where we are weak and we are wise enough to learn this, and I hope that the Not-Empire heals and order is restored in this world.",analysis_evidence,ambiguous: analysis_evidence vs opinion_speculation
Wait so they’re perfectly efficient?,low_substance_reaction,
"Would love an iOS version! The keyboard landscape on iOS is grim, and gboard hasn't received updates in years.",opinion_speculation,
"People don't know what variance is. Most people have an intuitive understanding of what an average is, but ""distance from the average"" is mystifying to them.",opinion_speculation,
Sure. And each car is just a drop in the ocean of CO2. And each plane flight. And smoking one cigarette. Humans have a really hard time understanding compounding risk. But there are billions of us. How many billions of drops can you handwave away?,analysis_evidence,
"Nah this kind of thing is pretty common for servers or little embedded computers. If you're always building the image on some other machine, there's no compelling reason to include that binary or it's dependency closure on the system. Typically someone who goes for this indeed likes and runs ""full fat"" NixOS on some systems. What they want is to get really small images for some special purpose, like containers or disk images for a puny old Raspberry Pi, and build them using their usual NixOS workstation or server or whatever.",opinion_speculation,
"There are practical reasons why it isn’t widespread: 1. Energy is very expensive relative to the U.S. 2. Houses are old old and retrofitting air conditioning is very difficult 3. Houses are more than 1 story with many small rooms making portable and window mounted units unsuitable for a whole house All modern apartment buildings in London are built with air conditioning because a central air system and district power make it cost efficient. If you visit a hot place like Dubai or Bangkok, there are endless indoor malls with air conditioning that serve as a place to shop and a third space. Much of Europe doesn’t have that. The U.S. specifically is also very car-centric. You walk out of your air conditioned house into your air conditioned car and drive to your air conditioned mall. Much of Europe… isn’t. People walk, you can’t avoid the heat. Yes, certainly, there is a cultural resistance to air conditioning but adding air conditioning to homes isn’t going to stop people dying, homes are the least consequential part of heat in day to day life. Health advice in a heatwave is pretty much: don't go outside.",analysis_evidence,
"Being an employee of Google doesn’t give them any sway over my board position at an animal rescue, or anywhere else, unless my contract and pay reflects that.",opinion_speculation,
"Absolutely. In the northeast US we have triple redundancy on heat, because it’s potentially life-threatening to have the heat go out in a blizzard with subzero temps. I’d treat cooling redundancy as similarly important in Nevada, especially if not very mobile.",opinion_speculation,
"I did not realize Mitnick had passed away, very sad. I first learned about him as a kid through the book Takedown, and his exploits definitely fueled my early fascination with computers and hacking. It's heartwarming to see how he later befriended Shawn Nunley, though it's unfortunate that he and Shimomura apparently never buried the hatchet. He undoubtedly influenced an entire generation of hackers, RIP.",opinion_speculation,
"> But that won't last forever, either. As LLMs find increasingly difficult-to-find vulnerabilities, there will be fewer of them to report. That is not my experience at all. People will continue to high-volume spam intended behaviour as if it is a bug. There will be fewer reports that matter as you fix things - but the volume of reports will either stay steady or go up. Making it harder to even notice the ones that matter.",opinion_speculation,
Hah! That's neat! So much fun stuff to be had with that particular bit of kit.,opinion_speculation,
"Yes! Most of Europe has a ""registered building"" system, where buildings above a certain age are considered historic. Renovating those buildings is an extremely difficult, expensive, and bureaucratic process. You generally need to preserve the period-appropriate look and materials. An AC unit sticking out of a wall won't pass muster. Even newer buildings are problematic. an acquaintance of mine lives in an upper-middle-class apartment complex that was finished two or three years ago, and their architect has some claim in the contract that prevents residents from installing AC units to ""preserve the building's unique look."" The US is build around privately-owned housing (and hence creature comforts) a lot more than we are, so AC is a lot easier to implement there.",analysis_evidence,
"I subscribed to the economist from ~2008 for 10+ years before I cancelled. I'm mostly a centrist but admit to leaning libertarian these days, I think both sides do not represent ""democracy"" anymore, I do not trust the Democrats any more than Republicans in this regard. One only has to look at how the Democrats have turned California into a single party state to stop taking serious their tropes about anyone endangering ""Democracy"" more than they have when they've got a chance. Reading this article reinforces that I've only saved money and had time for other things than reading these thought pieces from biased echo chamber academics.",opinion_speculation,
That system is going to be a nightmare in discovery,opinion_speculation,ambiguous: opinion_speculation vs low_substance_reaction
"For normal people AWD and high ground clearance will work. Good range also strongly recommended but these vehicles usually have that by default. A large 4WD will handle conditions a Subaru will not but a Subaru is fine for getting around the area if you typically stay off most ranch/mining roads. It is illegal to maintain the ranch/mining roads for historical reasons, so they get a bit spicy.",analysis_evidence,
"Air conditioners don't need to use fossil fuels. Solar power and AC work really well together because peak solar energy is exactly when you need AC the most. No heat is created either, that would explicitly violate the first law of thermodynamics. An air conditioner powered by solar energy (or anything solar powered) ends up releasing the exact same amount of ""excess"" heat as the sunlight would have if it hadn't been absorbed by the panels.",opinion_speculation,
"What do you mean? That's 20th century technology. It's making individualized evaluations. The elites wouldn't put up with that. They'd either have to take handicaps themselves or risk people noticing that they don't. That's the beauty of aggregate statistics. You have some elite job with 100 slots. Before you had 60 of the slots going to cronies and the remainder being allocated on merit. The cronies were disproportionately of the same ethnicity so your statistics are skewed, but don't worry, all the cronies still get their slots. Because statistics can be balanced by getting even more cronies, this time of a different ethnicity, and giving them as many of what used to be the merit slots as you need to manipulate the average. Using statistics is perfect for pretending that you're giving people something when you're actually taking something away.",analysis_evidence,ambiguous: analysis_evidence vs opinion_speculation
will this work with liteX? fascinating project,low_substance_reaction,fallback
seems fun. like boinc. i wish there was more boinc.,opinion_speculation,ambiguous: opinion_speculation vs low_substance_reaction
"Read all your feedback, thank you so much for it! Just released a new version that brings your feedback to life and a few more sweets. Regarding Raycast, working on it... Check it out and keep it coming! R",opinion_speculation,
"Um what? The activity in the body aligns with the title. Even the part that sounds the worst if you take it out of context, was not a murder or even failed attempted murder, but the successful prevention of a murder.",analysis_evidence,
WhatsApp,low_substance_reaction,
"The sun is the source of global warming and has been since the Precambrian. No, I would not argue against the science of the greenhouse effect and I'm older than you are. What are you even trying to state?",opinion_speculation,
"The fundamental physics that underlie everyday life are known. We know that general relativity and the standard model of particle physics aren't fully compatible, but that's only at very short scales or very high gravity, those aren't relevant to everyday life. We're able to model single-particle and even few-particle systems on an astonishing degree of accuracy (1 part in 1e9, I believe down to measurement error). We can't model the 1e25 particles because in the brain to explain consciousness it's an exponential problem but in principle with unlimited time and memory we could turn the crank on the equations.",analysis_evidence,ambiguous: analysis_evidence vs opinion_speculation
"My point is a good portion of HN is composed of pirates who don’t like rules and have a higher tolerance for risk. You can dislike that all you want for any given reason both valid and petty. However, what you’re seeing are core values from the people who created this community and the same type of people still run it today so you’re going to keep seeing this kind of thinking moving forward",analysis_evidence,
"Looks like it. Plus it looks like they’re closer to a traditional screen sprinting shop in that they just take a file and will work with you manually tweak and adjust things to look good, rather than just printing a file straight away",opinion_speculation,
It was a boon economically but people died. Millions of people died due to the actions of a few aristocrats and religious zealots. Probably the greatest humanitarian crisis in the last millennium. And the partition of India is the well accepted term for the event. I'm not going to be drawn into some post colonial syntactic argument in a discussion about the very real deaths if very real people as well as the human tragedy of the subsequent forced displacement from land people had lived in for thousands of years. Jinnahs argument with the Indian Congress was because someone sang a song once referencing a Hindu goddess from a novel. It's honestly bananas and difficult to understand especially when his own daughter lived in India after partition,analysis_evidence,ambiguous: analysis_evidence vs opinion_speculation
"> Anthropic is changing the terms. It used to be until last week that ID is not required. Now it is. The Anthropic page related to ID verification is not new. It existed in April and had some minor changes made last week. https://www.diffchecker.com/HuY8QMOX/ We can disagree, but please don't misrepresent the facts: new customers are not being required to verify their ID by default, nor are existing customers being contacted en masse to do so. ID verification is being used with some customers and it appears this is primarily related to account suspensions that are typically due to usage patterns, fraud concerns, etc. > Some of these customers are now reconsidering their relationship, and it seems you are here saying they should just accept it without a second thought, because ""this is what other companies do it anyway"". I'm not saying anything of the sort. What I am saying is that I find it odd to base a decision to close a Claude account on the basis that asking for ID verification represents an assault against privacy. Even though Anthropic says that its ID verification is not related to Mythos/Fable, in our discussion, I have pointed out that as a US company, Anthropic could be required to comply with various export controls that are implemented under well-established and perfectly-legal export control regulations. It is also perfectly normal for companies to require ID verification for some customers under certain circumstances to address legitimate usage and fraud concerns.",analysis_evidence,ambiguous: analysis_evidence vs opinion_speculation
"I am a heliboard user myself and im only just trying this new keyboard out but at least right now it feels faster and has all the goodies I want in a soft keyboard. 1. super responsive 2. arrow keys!! why this is impossible is beyond me 3. easy access to text editor and undo redo via the long pressing of the enter button 4. easy resizing and im using a floating mode so it's all near my thumb and no awkward bends, just my phone being too heavy for my pinky because phones are massive these days 5. offline voice is comparable at a glance to the offline voice input app I was using with heliboard. that's with their biggest ugliest English model and my phone is from 2022 at the newest. 6. have I mentioned how performance is great on this app yet? pleasantly surprised. y'all do you but I am keeping this FUTO keyboard.",analysis_evidence,
">Exactly what everyone said when Patriot Act was passed I've been seeing plenty of Americans cheering on temporary safety over essential liberty since then, and I can't even provide examples without getting [flagged].",low_substance_reaction,
"With Chuck Norris, the nukes whistle at him, just to keep on his good side.",opinion_speculation,
"It's certainly legitimate to question the role of solar variability in climate change, and it's absolutely something that has been looked at seriously. The consensus, with increasing solidarity, from the 1990s through until now is that the sun is much the same as it has ever been for the majority of modern human civilised life and has contributed minor amounts to the observed changes of the past century; those changes primarily driven by human caused change to the insulation properties of the atmosphere. \\1 Jack Eddy overcame this with a 1976 study that demonstrated that irregular variations in solar surface activity, a few centuries long, were connected with major climate shifts. The mechanism was uncertain, but plausible candidates emerged. The next crucial question was whether a rise in the Sun's activity could explain the global warming seen in the 20th century? By the 1990s, there was a tentative answer: minor solar variations could indeed have been partly responsible for some past fluctuations... but future warming from the rise in greenhouse gases far outweighed any solar effects. ~ https://history.aip.org/climate/solar.htm \\2 Couldn't the Sun be the cause of global warming? If the Sun were to intensify its energy output then, yes, it would warm our world. Indeed, sunspot data indicate there was a small increase in the amount of incoming sunlight between the late 1800s and the mid-1900s that experts estimate contributed to at most up to 0.1°C of the 1.0°C (1.8°F) of warming observed since the pre-industrial era. However, there has been no significant net change in the Sun’s energy output from the late 1970s to the present, which is when we have observed the most rapid global warming. ~ https://www.climate.gov/news-features/climate-qa/couldnt-sun... \\3 The Basics of Climate Change: https://royalsociety.org/news-resources/projects/climate-change-evidence-causes/basics-of-climate-change/",analysis_evidence,ambiguous: analysis_evidence vs opinion_speculation
I pay for the EB. Wish I'd bought the last print edition back in 2010.,opinion_speculation,
Direct link to the paper: https://bjsm.bmj.com/content/early/2026/06/16/bjsports-2025-...,low_substance_reaction,fallback
Two million dead Hindu; ten million forcible refugees; thousands of ancient villages burned to the ground — it ‘was a huge boon to India’,opinion_speculation,
It's good that somewhere the quality of work is rewarded more than the quantity,opinion_speculation,
"What are your thoughts on the detector --> VLM pipelines, and if there's ever a world where a small LM or LM augmented detector can be efficient enough to play a role as router. I ask because I recognize you from your handle and am very familiar with your work in the doc+detector space.",analysis_evidence,overrode_to_analysis_evidence_from_opinion_speculation
"He said that in response to a leading question by the interviewer: he's saying if you think X viewpoint is being suppressed, then people with that viewpoint need to participate to counter the suppression.",opinion_speculation,
Wow this is awesome! I’ve been using ChatGPT to create TikZ diagrams because honestly it’s not trivial to create TikZ diagrams and they look really good when done well. However it can be challenging to get ChatGPT to tweak the diagrams. My knowledge of TikZ syntax and behavior isn’t always sophisticated enough to get the outcome I want. So this thing looks like an answer for that. Looking forward to trying this. Incidentally I am using ChatGPT to create Latex documents for my blog and then they get rendered server side. The workflow works really well.,analysis_evidence,
"It's actually incredible that you can share that bottom paragraph with a straight face after we just went to war with Iran. Let's discuss it openly, as you prime: how do you contrast what you just shared with the war, and Israel's actions after the agreed to ceasefire and declaration of war's end?",analysis_evidence,
It's easy to control a country when all cybersecurity software used in that country reports to you.,opinion_speculation,
Linking to sci-hub for a known blogger may lead to undesired legal consequences in case the journal copyright mafia decides to make an legal example of you.,opinion_speculation,
"I don't think you have any conception of how little money most people have. Why would I spend £15-20k I don't have on a heat pump so I can get 'free' air con when my house is already heated via another method? Most people don't have £500 spare for a portable air con unit. On top of that, until a few months ago, government subsidies for heat pumps didn't apply to the versions that include air con so anyone who did get a heat pump didn't get that version. >> why do we entertain the idea of making them pay an order of magnitude more to better insulate their home We don't. There have been various schemes over the last couple of decades where people could have this done for free or at very low cost. >> You’ve been misinformed by European media. Please do your research, it’s all online. I suggest you do the same.",analysis_evidence,ambiguous: analysis_evidence vs opinion_speculation
https://www.banking.senate.gov/imo/media/doc/bill_text_of_th...,low_substance_reaction,
> follow the proper release procedures for it What happens when your thing or nothing close to your thing will ever see the light of day?,opinion_speculation,
I think you missed it: go and dot net launched without package managers. It was a long time before they had a standard package manager.,opinion_speculation,
TL;DR: one Claude per slack channel.,low_substance_reaction,fallback
For QNX/Blackberry it would make sense to opensource Photon since they are not using it anymore. Porting it to the modern QNX and other systems would be great.,opinion_speculation,
"> the Economist used to regularly be staunch defenders of these interventions until they went wrong, and only ever seemed to disavow them for their practical outcomes rather than in principle they might want to do some reflecting on that Can you link a couple of examples? Presumably those articles should be easy to find on economist.com",opinion_speculation,
"> In particular, this makes s390x the only bigendian architecture I can test on ""actual hardware"" (vs. QEMU binfmt emulation). NetBSD can run a Raspberry Pi in BE mode, if you want another option.",opinion_speculation,
That isn’t what happened. You are inter alia combining the loony but causally inevitable ‘war on terror’ with … the Arab Spring (which Assadist - Putinist propaganda has linked in your mind to imaginary Libyan slave markets) Ask you preferred AI how many Kurdish language universities there are in the world and where they are and what their students think of your imaginary Putinist antiyankee brain slurry.,opinion_speculation,
"I keep hearing that cynical, and wrong, dismissal but have zero idea where it comes from. Yes, there are cops. Some .govs even have booths in the info areas. The stated idea is that it's a good thing when cops and hackers can hang out and discuss ideas and opinions outside of interrogation rooms, and I agree with that. That's miles away from ""largely law enforcement"" though. I talked to an FBI agent at PyCon but people aren't claiming it's a LEO convention.",opinion_speculation,
"> I’m just saying air-conditioning increases climate change because it uses fossil fuels It would actually be a much better global warming mitigation strategy to install bidirectional heat pumps (A/C in the summer, heat in the winter) that runs on electricity (which is increasingly produced using renewables) and then get rid of fossil-fuel burning furnaces.",analysis_evidence,overrode_to_analysis_evidence_from_opinion_speculation
I've hired dozens of people and have never done that.,opinion_speculation,ambiguous: opinion_speculation vs low_substance_reaction
"For the specific topic of building a game engine, which I think fits the defintion of ""yak shaving"", it's fun because it relatively easy to do, there's a know set of things you need, each one is well known, each one can be done in steps, and each step shows progress, so it feels super productive, even if all you're doing is just reinventing the wheel. There might be 1000 steps but each one is small, well known, and doesn't require being all that novel. Conversely, game design is an open book and much much harder to feel like you made progress on each step.",analysis_evidence,ambiguous: analysis_evidence vs opinion_speculation
"Only Florida, Maryland, and New York require adults who are new drivers to take any kind of class/instruction. (Most states require it under 18, with a few under 21 or 25.) Everywhere else you can just walk in and take the test. The perhaps greater problem though is that those tests are completely trivial.",opinion_speculation,
Seriously? Are we really trying to debate politics & get in flame wars in comments here on HN? That not what we come here for. That’s not what we’re expecting to see in the #1 position when we log in.,opinion_speculation,
"Deaths in Gaza are very much not random. Adult men have the highest casualties which is what would be expected since Hamas militants are most often adult men, it's well documented that Hamas also uses child soldiers to some degree as well.",opinion_speculation,
"It wasn’t just the GOTW. It was much of the 20th century from World War I onward. Each step led to further centralization of government, a larger and larger security apparatus, and more and more foreign entanglements. We are more or less retracing the path of Rome as the Republic expanded militarily until it was no longer practical to run it as a republic and it transitioned to empire.",opinion_speculation,
The Home Assistant integration mentioned in the video: https://github.com/PilaEnergy/pila-home-assistant The product: https://pilaenergy.com,opinion_speculation,
"Joke’s on you, Claude is writing that too",low_substance_reaction,fallback
"Eventually radiates out into space ;-) It doesn’t disappear, but we don’t need to care much about infrared passing Alpha Centauri.",opinion_speculation,
Playing hexcrawl RPGs like Twilight 2000 with my groups has been great. The physical edition came with a custom deck of playing cards that had encounters and randomization tools printed on them - I can literally just draw a card and immediately create an encounter for the players.,opinion_speculation,
Garbage company going into a death spiral.,low_substance_reaction,fallback
"This is an uncharitable take on the original comment which literally said: > the fact this is how hot it will be from now on That sounds to me like an acknowledgement that, in fact, the climate has changed.",opinion_speculation,
"Rail can also be awful. New Zealand is largely coastal so ships mostly beat rail. The 3 largest cities have their own ports. Cook Straight separates the South Island from the North Island, which complicates rail down South (apart from the Kaikoura Earthquake totally stuffing it). We don't do many bulk goods (unlike Australia which loves mining). NZ overall has much less dense population - e.g. Auckland has insanely more urban sprawl than Zurich. Sweeping statements about rail are a problem here (especially if incorrectly comparing against other countries), and the biased love of rail makes for wasteful expenditure.",opinion_speculation,
"What do people really think about Mearsheimer's book? (John Mearsheimer, co-author of ""The Israel Lobby and U.S. Foreign Policy"") His analysis and interpretation of the Jewish lobby provide excellent answers to a lot of questions. Perhaps this is a topic that isn't easy to discuss openly? I don't want to make a sweeping statement that the U.S. is Israel's lapdog, but it is true that regarding many policies—especially those concerning the Middle East—the U.S. is essentially swayed by Israel. Of course, right now J.D. Vance might represent a kind of domestic counter-force in the U.S. that leans more toward 'America First' rather than prioritizing Israel. Rubio is also a more pragmatic individual, and Trump is not your traditional politician who just blindly follows Israel's orders. Unfortunately, Trump might lose the next election, and the Democratic Party will absolutely revert the country back to its past status as a vassal state to Israel.""",analysis_evidence,ambiguous: analysis_evidence vs opinion_speculation
> build an image from scratch with the packages you want Using what? Using NixOS to configure a system is orthogonal to the system actually running the Nix binary. Nix/Nixpkgs provide well maintained package derivations and module configuration for the largest amount of software of any ecosystem. IMO it's far simpler than Yocto or Buildroot or the dozen OCI container builder ecosystems that go in and out of favor.,analysis_evidence,
"In a large portion of tech people like to pretend that they are absolved of responsibility for their societal contributions. “Get that bag” and all that. Work at Anduril as long as it makes that bread, etc. It makes sense that someone promoting them to re-evaluate the harm they’re causing by participating would elicit negative response",opinion_speculation,
"VTI and Nasdaq played along. VTI arguably because they must play along, being a ""total market fund"". Nasdaq changed their rules and then force bought 3x more than usual. These are NOT small funds. Rather significant parts of the US Economy (VTI, QQQ, among many other ETFs and derivatives) were force-bought in last week, and we are now all in for the ride to watch that portion of our money disappear. -------- S&P500 is an important player who managed to avoid SPCX (1 year rule + requirements of profitability, of which SPCX isn't profitable yet so... lots of disqualifications here). So we have to give credit where credit is due. VTI / Vanguard Total Market is a grey case. I once believed in it but now with SPCX and other abusers (Anthropic and OpenAI) clearly aiming to specifically screw VTI's strategy over, it might be finally time to call it quits and leave VTI behind. I don't know for what though. Nasdaq doubling down and specifically changing their rules to help this whole crap is the ultimate level of disgusting. VTI is just being consistent with their strategy. Nasdaq is making special exceptions explicitly for these cases.",analysis_evidence,ambiguous: analysis_evidence vs opinion_speculation
I seem to recall the Economist wholeheartedly supporting the Iraq War. Am I wrong?,opinion_speculation,
"I don't know, for example... https://news.climate.columbia.edu/2024/08/28/air-conditionin... But climate change is bullshit, right?",analysis_evidence,
"From what I can tell, defcon is largely law enforcement and companies that sell to them these days, so I'm not surprised at all to hear that.",opinion_speculation,
"That’s because you pay attention to your body and you’re not in denial. Above 37 degrees, your body cannot regulate itself, and it starts being seriously uncomfortable before that. Going outside for a run when it’s 40 is unbelievably stupid.",opinion_speculation,
"Calling it the “partition of India” makes it seem like it was imposed on India rather than being a product of the 1940 Lahore Resolution where Jinnah led calls for a separate Pakistan. And in retrospect, it was a huge boon to India and Bangladesh to separate themselves from Pakistan.",opinion_speculation,
"> ...that they are going to immediately devalue as soon as they can. It's a classic pump and dump con. And you're the mark. He's actually doing the opposite, there's a long lock-in period.",opinion_speculation,
"That heat goes out into the world, it doesn’t just disappear",opinion_speculation,
"I literally wrote about running quantized models and how much more affordable it could be in the very next sentence . Please don't reply if you can't be bothered to read the entire comment, it's not that long.",opinion_speculation,
"Vancouver vs. the bay area is my current example, or california HSR general, or the billion dollar pedestrian tunnel in new york, and just the general level of shabby of everything compared to canada in public infra at least. You have to realize that the dollar bill for equivalent infra in the USA is much, much higher even though it feels more expensive in canada relative to it's income",opinion_speculation,
"I just don't buy this narrative. What primed the USA for decline was it's new allergy to manufacturing, addiction to social media, and Trump taking his spot as POTUS twice. If anything, these wars were something for everyone to worry about, which involved actual critical thinking. They were nowhere near the root cause.",opinion_speculation,
You’d be surprised how petty some people are.,low_substance_reaction,fallback
Portal was pretty good and an originalish product,low_substance_reaction,fallback
"Paddle-VL and GLM-OCR do this by using PP-DocLayoutv3 as their ""detector/slicer"" and then just batch the OCR on the clips to do pretty darn well at a tiny size. A lower-tech version is to use a good detector and XY-cut or just a naive Y-cut or orientation-away cut to slice up the page. But if you're doing that you're getting closer and closer to DocVLM style OCR+low res image. Been playing around with something like this using the new PPOCRv6 which itself punches well above most traditional OCRs and is multi-language without the hassle of language detection and dict-loading for rec.",opinion_speculation,
"Those corporations are certainly to be feared, but they don't have the power to impose violence or prison on you. The state does. It was the state that forced Snowden into exile. It is the state that is detaining people for the crime of walking out of Home Depot while speaking with an accent. Both must be kept in check.",analysis_evidence,
"Probably unpopular opinion because we all love the bipartisanship, but this is too little too late. Partly because the federal governments leverage on local politics is very little but majorly because currently the interest rate and the labor/material costs is just too high especially on the coasts and none of that is regulatory burden. The Atlantic had a great breakdown [1]. Congress and/or state governments should work on a preferable interest rates for construction loans scheme and engineers need to bust through Moravecs paradox to get some productivity boosts in construction going, everything else is window dressing. The ball has moved! [1]: https://www.theatlantic.com/economy/2026/03/california-housi...",analysis_evidence,ambiguous: analysis_evidence vs opinion_speculation
"Yes. History will record that bin Laden won. There's a pre-9/11 book about bin Laden, ""The Man Who Declared War on America"". Bin Laden was interviewed. Consider the situation at the end of the Clinton administration. The US was at peace. The Soviet Union was gone. The US got along with China and Russia. No major enemies remained. The federal budget was balanced. Bin Laden looked at that, and realized that America had to be weakened before it could be defeated. That was his plan. Mission accomplished. [1] https://en.wikipedia.org/wiki/Bin_Laden:_The_Man_Who_Declare...",opinion_speculation,
"I'm not trying to start a religious war, but I highly recommend reading Magnifica Humanitas [0] [0] https://www.vatican.va/content/leo-xiv/en/encyclicals/docume...",opinion_speculation,
I didn't take the SATs in the 80s but in 00s I don't remember any of the concepts translating well to understanding calculus or statistics and I scored well enough it gave me a free ride to college (well that was the PSAT but it was in line with my SAT score). If they wanted to test that they should have tailored an exam similar to my college when assessing my math capability.,opinion_speculation,
"This is why I love plan mode and switch to it as soon as I see the agent starting to deviate from the plan because it hit a wall. Gotta get back to aligning on design decisions, approach, reverting any debug code, etc. before progressing. (Damn, I have more instructions to add to AGENTS.md lol) Although this was more of an issue when using opusplan as Sonnet loves to do this. I only use Opus now if using Claude.",low_substance_reaction,ambiguous: reaction+reason/opinion
"Thousands will die, but one guy went jogging at 40 degrees outside so it’s okay.",analysis_evidence,
"Those who would give up essential Liberty, to purchase a little temporary Safety, deserve neither Liberty nor Safety. https://en.wikiquote.org/wiki/Benjamin_Franklin#1750s It's time to reconsider some of what we bought.",opinion_speculation,
"Looks like they are working on multi-finger swipe for the keyboard, the library seems to support it [0]. > The library also supports recognizing two-finger simultaneous swipe input through the SwipeEngine::recognize_multi method. [0]: https://gitlab.futo.org/keyboard/swipe-library#inputs",opinion_speculation,
> This leaves China Not exactly.[0] > and North Korea Also not exactly.[1] [0] https://en.wikipedia.org/wiki/2020%E2%80%932021_China%E2%80%... [1] https://en.wikipedia.org/wiki/List_of_border_incidents_invol...,opinion_speculation,
"That my every movement is known to Google, Meta, Apple, et al, is much more disturbing than any autocratic effect of the dismal Patriot Act. The idea that ‘the state’ is the thing to fear, or even worth a moments’ thought, is basically childish and premodern. Witness eg the apotheosis of Snowden for revealing nugatory CIA corner cutting … in the same historical period when the above mentioned are completely hoovering up and relentlessly analyzing every datum about every American.",opinion_speculation,
"Is anyone working on an evil AI? Claude, look for vulnerabilities in the top 5000 websites of $country and install ransomware. Pick an amount that's just within the company budget. Do not relent under any circumstance. Should sell like hot cakes on the evil marketplace!",opinion_speculation,
"Sorry, I'm just trying to understand your point of view. I live in the US and spend a lot of time in the EU. I'm a citizen of both. It couldn't be more obvious to me that our street designs differ (as implied by my previous comment). I'd genuinely like to know where you're coming from, but your responses so far are shallow tautologies. I initially responded to your comment, ""Fixing on the pedestrian safety yields higher death counts overall"" (I assumed you meant ""fixating on pedestrian safety,"" but perhaps this was a mistake). I'm curious how you came to that conclusion. Can you please elaborate, and what was my stupid ""jump and conclusion,"" precisely?",practical_experience,ambiguous: practical_experience vs analysis_evidence
It was just a simple spelling mistake. It was always meant to be 'The War on Terra'.,opinion_speculation,
"Oh yeah, there's no shortage of reasons not to use SF6. Even in conventional waveguides, as far as I know most designs these days prefer nitrogen or dried atmospheric air.",opinion_speculation,
"Which ones are those? Every time I ride the Shinkansen I get a bento. I go look at the station and outside in the depachika, they are all labelled. 19 of 20 of them are over 1000 calories, most much higher. The few that aren't are tiny and bland looking.",opinion_speculation,
"Latency? Why, they will in LEO/MEO. Neglible. Cooling? https://en.wikipedia.org/wiki/Liquid_droplet_radiator https://spectrum.ieee.org/orbital-data-centers-heat Combine with https://spectrum.ieee.org/microfluidics-cooling-ai-chips-cor... Solved! Maintenance? https://en.wikipedia.org/wiki/Planetes !",analysis_evidence,
"I have a proposal to place a small, intelligent demon in every windowsill in the UK...",opinion_speculation,
"Some time I spend the whole day sitting at my computer and can't think of a solution to a problem. And some time, I'm readying myself to bed and have to note down the solution that just appear in my mind. How do you even track that? I did a time with time tracking software as a freelancer and that has been the most miserable part of my working life (and I did data entry for survey). I'm a developer and I mostly do my thinking offline. What I do on my computer is mostly translating my idea to code and consulting docs. Also testing and communication with the team. And all of this is already fairly visible without tracking.",practical_experience,ambiguous: practical_experience vs analysis_evidence
"Isn't the idea here to gasify the rock by essentially microwaving it? With ultrasound, wouldn't you still need to remove the leftover rocks?",opinion_speculation,
"If they're willing to do this to their own employees that they pay and supposedly wanted to keep around, what are they willing to do with your data? What are they willing to do with the systems they connect to your systems? ""Dumb f*cks"" has truly been the ethos of this company from day 1.",analysis_evidence,
"Unclear how this is going to help? A corporation can only buy 350 single family homes. Ok, so, what's to prevent making a new corporation at 349, with the same staff?",analysis_evidence,
"The OK-ing of torture was a clear step into the totalitarian camp and a clear breach with justice, liberalism, and decency.",opinion_speculation,
"Just tried typing Jordan on mine, and my suggestions were ""on"", ""is"", and the Jordanian flag. So I'm pretty sure you had to have typed the words ""Jordan Peterson"" before for it to make that association. The donation prompt can permanently disabled with two taps, so I'm not sure why that'd be a reason to abandon it. It's a complete non-issue. ""You've been using FUTO keyboard for X days. If you find this app useful, please consider paying to support future development. FUTO is dedicated to making good software that doesn't abuse you. This app will never serve ads or collect your personal data."" I don't mean to be rude here, but this is an extremely bland, mild message. There's nothing passive aggressive about it in any way. What do you find aggressive about this?",analysis_evidence,
"There was a time when if your ""boss"" tells you to install a keylogger on your work machine, it's a black-teaming exercise. How the times have changed...",opinion_speculation,
"There was a good More Or Less (uk radio programme) episode about this last week. Essentially, the European statistics on this tend to be based on excess mortality during hot periods, while US stats currently are much more about what words are used on death certificates. Very different measures and hard to compare.",opinion_speculation,
Teachers put red squiggles under misspelled words long before Word.,opinion_speculation,ambiguous: opinion_speculation vs low_substance_reaction
A basic window AC unit costs a few hundred bucks.,opinion_speculation,ambiguous: opinion_speculation vs low_substance_reaction
Its worth noting the original article was written July 2025. Not June 2026,opinion_speculation,
"pico-usb-wifi is firmware for the Raspberry Pi Pico W that turns it into a driverless USB Wi-Fi adapter, enumerating as a USB CDC-NCM device.",opinion_speculation,
"we're at the stage of the cycle where we know things are wrong but we don't care enough to do anything about them. unfortunately, it might not be until we live through the consequences that we can muster the energy to care enough again.",opinion_speculation,
"This legislation seems to come out of nowhere and get rubber stamped. Who even came up with this, and why?",opinion_speculation,
